[{"pk": 7, "model": "international.currency", "fields": {"symbol": "\u060b", "code": "AFN", "name": "Afghanis"}}, {"pk": 147, "model": "international.currency", "fields": {"symbol": "FMG", "code": "MGA", "name": "Ariary"}}, {"pk": 8, "model": "international.currency", "fields": {"symbol": "\u0e3f", "code": "THB", "name": "Baht"}}, {"pk": 9, "model": "international.currency", "fields": {"symbol": "B/.", "code": "PAB", "name": "Balboa"}}, {"pk": 132, "model": "international.currency", "fields": {"symbol": "Br", "code": "ETB", "name": "Birr (Ethiopian)"}}, {"pk": 10, "model": "international.currency", "fields": {"symbol": "Bs", "code": "VEF", "name": "Bolivares Fuertes"}}, {"pk": 11, "model": "international.currency", "fields": {"symbol": "$b", "code": "BOB", "name": "Bolivianos"}}, {"pk": 126, "model": "international.currency", "fields": {"symbol": "$", "code": "CVE", "name": "Cape Verde Escudo"}}, {"pk": 136, "model": "international.currency", "fields": {"symbol": "GH\u20b5", "code": "GHS", "name": "Cedi (Ghanaian)"}}, {"pk": 12, "model": "international.currency", "fields": {"symbol": "\u00a2", "code": "GHC", "name": "Cedis"}}, {"pk": 13, "model": "international.currency", "fields": {"symbol": "\u20a1", "code": "CRC", "name": "Col\u00f3n"}}, {"pk": 14, "model": "international.currency", "fields": {"symbol": "$", "code": "SVC", "name": "Colones"}}, {"pk": 15, "model": "international.currency", "fields": {"symbol": "KM", "code": "BAM", "name": "Convertible Marka"}}, {"pk": 16, "model": "international.currency", "fields": {"symbol": "C$", "code": "NIO", "name": "Cordobas "}}, {"pk": 134, "model": "international.currency", "fields": {"symbol": "D", "code": "GMD", "name": "Dalasi"}}, {"pk": 17, "model": "international.currency", "fields": {"symbol": "\u0434\u0435\u043d", "code": "MKD", "name": "Denars"}}, {"pk": 119, "model": "international.currency", "fields": {"symbol": "\u062c", "code": "DZD", "name": "Dinar (Algerian)"}}, {"pk": 122, "model": "international.currency", "fields": {"symbol": ".\u062f.", "code": "BHD", "name": "Dinar (Bahraini)"}}, {"pk": 140, "model": "international.currency", "fields": {"symbol": "\u0639.\u062f", "code": "IQD", "name": "Dinar (Iraqi)"}}, {"pk": 143, "model": "international.currency", "fields": {"symbol": "\u062f.\u0643", "code": "KWD", "name": "Dinar (Kuwaiti)"}}, {"pk": 145, "model": "international.currency", "fields": {"symbol": "\u0644.", "code": "LYD", "name": "Dinar (Libyan)"}}, {"pk": 169, "model": "international.currency", "fields": {"symbol": "\u062f.\u062a", "code": "TND", "name": "Dinar (Tunisian)"}}, {"pk": 18, "model": "international.currency", "fields": {"symbol": "\u0414\u0438\u043d.", "code": "RSD", "name": "Dinars"}}, {"pk": 151, "model": "international.currency", "fields": {"symbol": "\u062f.\u0645.", "code": "MAD", "name": "Dirham"}}, {"pk": 172, "model": "international.currency", "fields": {"symbol": "\u0625", "code": "AED", "name": "Dirham (Emirati)"}}, {"pk": 156, "model": "international.currency", "fields": {"symbol": "Db", "code": "STD", "name": "Dobra"}}, {"pk": 141, "model": "international.currency", "fields": {"symbol": "$", "code": "JOD", "name": "Dollar (Jordanian)"}}, {"pk": 19, "model": "international.currency", "fields": {"symbol": "$", "code": "AUD", "name": "Dollars (Australia)"}}, {"pk": 20, "model": "international.currency", "fields": {"symbol": "$", "code": "BSD", "name": "Dollars (Bahamas)"}}, {"pk": 21, "model": "international.currency", "fields": {"symbol": "$", "code": "BBD", "name": "Dollars (Barbados)"}}, {"pk": 22, "model": "international.currency", "fields": {"symbol": "BZ$", "code": "BZD", "name": "Dollars (Belize)"}}, {"pk": 23, "model": "international.currency", "fields": {"symbol": "$", "code": "BMD", "name": "Dollars (Bermuda)"}}, {"pk": 24, "model": "international.currency", "fields": {"symbol": "$", "code": "BND", "name": "Dollars (Brunei Darussalam)"}}, {"pk": 25, "model": "international.currency", "fields": {"symbol": "$", "code": "CAD", "name": "Dollars (Canada)"}}, {"pk": 26, "model": "international.currency", "fields": {"symbol": "$", "code": "KYD", "name": "Dollars (Cayman Islands)"}}, {"pk": 27, "model": "international.currency", "fields": {"symbol": "$", "code": "XCD", "name": "Dollars (East Caribbean)"}}, {"pk": 28, "model": "international.currency", "fields": {"symbol": "$", "code": "FJD", "name": "Dollars (Fiji)"}}, {"pk": 29, "model": "international.currency", "fields": {"symbol": "$", "code": "GYD", "name": "Dollars (Guyana)"}}, {"pk": 30, "model": "international.currency", "fields": {"symbol": "$", "code": "HKD", "name": "Dollars (Hong Kong)"}}, {"pk": 31, "model": "international.currency", "fields": {"symbol": "J$", "code": "JMD", "name": "Dollars (Jamaica)"}}, {"pk": 32, "model": "international.currency", "fields": {"symbol": "$", "code": "LRD", "name": "Dollars (Liberia)"}}, {"pk": 33, "model": "international.currency", "fields": {"symbol": "$", "code": "NAD", "name": "Dollars (Namibia)"}}, {"pk": 34, "model": "international.currency", "fields": {"symbol": "$", "code": "NZD", "name": "Dollars (New Zealand)"}}, {"pk": 35, "model": "international.currency", "fields": {"symbol": "$", "code": "SGD", "name": "Dollars (Singapore)"}}, {"pk": 36, "model": "international.currency", "fields": {"symbol": "$", "code": "SBD", "name": "Dollars (Solomon Islands)"}}, {"pk": 37, "model": "international.currency", "fields": {"symbol": "$", "code": "SRD", "name": "Dollars (Suriname)"}}, {"pk": 38, "model": "international.currency", "fields": {"symbol": "TT$", "code": "TTD", "name": "Dollars (Trinidad and Tobago)"}}, {"pk": 39, "model": "international.currency", "fields": {"symbol": "$", "code": "TVD", "name": "Dollars (Tuvalu)"}}, {"pk": 40, "model": "international.currency", "fields": {"symbol": "$", "code": "USD", "name": "Dollars (United States)"}}, {"pk": 41, "model": "international.currency", "fields": {"symbol": "\u20ab", "code": "VND", "name": "Dong"}}, {"pk": 121, "model": "international.currency", "fields": {"symbol": "\u0534", "code": "AMD", "name": "Dram"}}, {"pk": 131, "model": "international.currency", "fields": {"symbol": "Nfk", "code": "ERN", "name": "Eritrean Nakfa"}}, {"pk": 42, "model": "international.currency", "fields": {"symbol": "\u20ac", "code": "EUR", "name": "Euro"}}, {"pk": 43, "model": "international.currency", "fields": {"symbol": "Ft", "code": "HUF", "name": "Forint"}}, {"pk": 125, "model": "international.currency", "fields": {"symbol": "FBu", "code": "BIF", "name": "Franc (Burundi)"}}, {"pk": 127, "model": "international.currency", "fields": {"symbol": "\u20a3", "code": "XAF", "name": "Franc (CFA)"}}, {"pk": 123, "model": "international.currency", "fields": {"symbol": "\u20a3", "code": "CFA", "name": "Franc (CFA)"}}, {"pk": 133, "model": "international.currency", "fields": {"symbol": "F", "code": "XPF", "name": "Franc (CFP)"}}, {"pk": 128, "model": "international.currency", "fields": {"symbol": "\u20a3", "code": "KMF", "name": "Franc (Comoran)"}}, {"pk": 129, "model": "international.currency", "fields": {"symbol": "\u20a3", "code": "DRC", "name": "Franc (Congolese)"}}, {"pk": 130, "model": "international.currency", "fields": {"symbol": "\u20a3", "code": "DJF", "name": "Franc (Djiboutian)"}}, {"pk": 138, "model": "international.currency", "fields": {"symbol": "\u20a3", "code": "GNF", "name": "Franc (Guinean)"}}, {"pk": 154, "model": "international.currency", "fields": {"symbol": "F", "code": "RWF", "name": "Franc (Rwanda)"}}, {"pk": 44, "model": "international.currency", "fields": {"symbol": "CHF", "code": "CHF", "name": "Francs"}}, {"pk": 139, "model": "international.currency", "fields": {"symbol": "G", "code": "HTG", "name": "Gourde"}}, {"pk": 45, "model": "international.currency", "fields": {"symbol": "Gs", "code": "PYG", "name": "Guarani"}}, {"pk": 46, "model": "international.currency", "fields": {"symbol": "\u0192", "code": "AWG", "name": "Guilders (Aruba)"}}, {"pk": 47, "model": "international.currency", "fields": {"symbol": "\u0192", "code": "ANG", "name": "Guilders (Netherlands Antilles)"}}, {"pk": 48, "model": "international.currency", "fields": {"symbol": "\u20b4", "code": "UAH", "name": "Hryvnia"}}, {"pk": 153, "model": "international.currency", "fields": {"symbol": "Kz", "code": "PGK", "name": "Kina"}}, {"pk": 49, "model": "international.currency", "fields": {"symbol": "\u20ad", "code": "LAK", "name": "Kips"}}, {"pk": 50, "model": "international.currency", "fields": {"symbol": "K\u010d", "code": "CZK", "name": "Koruny"}}, {"pk": 51, "model": "international.currency", "fields": {"symbol": "kr", "code": "NOK", "name": "Krone"}}, {"pk": 52, "model": "international.currency", "fields": {"symbol": "kr", "code": "DKK", "name": "Kroner (Denmark)"}}, {"pk": 53, "model": "international.currency", "fields": {"symbol": "kr", "code": "SEK", "name": "Kronor (Sweden)"}}, {"pk": 54, "model": "international.currency", "fields": {"symbol": "kr", "code": "ISK", "name": "Kronur (Iceland)"}}, {"pk": 55, "model": "international.currency", "fields": {"symbol": "kn", "code": "HRK", "name": "Kuna"}}, {"pk": 174, "model": "international.currency", "fields": {"symbol": "ZK", "code": "ZMK", "name": "Kwacha"}}, {"pk": 120, "model": "international.currency", "fields": {"symbol": "Kz", "code": "AOA", "name": "Kwanza"}}, {"pk": 152, "model": "international.currency", "fields": {"symbol": "KSh", "code": "MMK", "name": "Kyat"}}, {"pk": 135, "model": "international.currency", "fields": {"symbol": "", "code": "GEL", "name": "Lari (Georgian)"}}, {"pk": 56, "model": "international.currency", "fields": {"symbol": "Ls", "code": "LVL", "name": "Lati"}}, {"pk": 57, "model": "international.currency", "fields": {"symbol": "Lek", "code": "ALL", "name": "Leke"}}, {"pk": 58, "model": "international.currency", "fields": {"symbol": "L", "code": "HNL", "name": "Lempiras"}}, {"pk": 163, "model": "international.currency", "fields": {"symbol": "Le", "code": "SLL", "name": "Leone"}}, {"pk": 150, "model": "international.currency", "fields": {"symbol": "L", "code": "MDL", "name": "Leu"}}, {"pk": 59, "model": "international.currency", "fields": {"symbol": "\u043b\u0432", "code": "BGN", "name": "Leva"}}, {"pk": 165, "model": "international.currency", "fields": {"symbol": "L", "code": "SZL", "name": "Lilangeni"}}, {"pk": 60, "model": "international.currency", "fields": {"symbol": "TL", "code": "TRY", "name": "Lira"}}, {"pk": 61, "model": "international.currency", "fields": {"symbol": "\u20a4", "code": "TRL", "name": "Liras"}}, {"pk": 62, "model": "international.currency", "fields": {"symbol": "Lt", "code": "LTL", "name": "Litai"}}, {"pk": 144, "model": "international.currency", "fields": {"symbol": "L", "code": "LSL", "name": "Loti"}}, {"pk": 170, "model": "international.currency", "fields": {"symbol": "m", "code": "TMT", "name": "Manat (Turkmenistan)"}}, {"pk": 63, "model": "international.currency", "fields": {"symbol": "MT", "code": "MZN", "name": "Meticais"}}, {"pk": 64, "model": "international.currency", "fields": {"symbol": "\u20a6", "code": "NGN", "name": "Nairas"}}, {"pk": 65, "model": "international.currency", "fields": {"symbol": "NT$", "code": "TWD", "name": "New Dollars"}}, {"pk": 66, "model": "international.currency", "fields": {"symbol": "lei", "code": "RON", "name": "New Lei"}}, {"pk": 67, "model": "international.currency", "fields": {"symbol": "\u043c\u0430\u043d", "code": "AZN", "name": "New Manats"}}, {"pk": 68, "model": "international.currency", "fields": {"symbol": "\u20aa", "code": "ILS", "name": "New Shekels"}}, {"pk": 124, "model": "international.currency", "fields": {"symbol": "Ch", "code": "BTN", "name": "Ngultrum"}}, {"pk": 69, "model": "international.currency", "fields": {"symbol": "S/.", "code": "PEN", "name": "Nuevos Soles"}}, {"pk": 149, "model": "international.currency", "fields": {"symbol": "UM", "code": "MRO", "name": "Ouguiya"}}, {"pk": 168, "model": "international.currency", "fields": {"symbol": "T$", "code": "TOP", "name": "Pa'anga"}}, {"pk": 146, "model": "international.currency", "fields": {"symbol": "MOP$", "code": "MOP", "name": "Pataca"}}, {"pk": 70, "model": "international.currency", "fields": {"symbol": "$", "code": "ARS", "name": "Pesos (Argentina)"}}, {"pk": 71, "model": "international.currency", "fields": {"symbol": "$", "code": "CLP", "name": "Pesos (Chile)"}}, {"pk": 72, "model": "international.currency", "fields": {"symbol": "$", "code": "COP", "name": "Pesos (Colombia)"}}, {"pk": 73, "model": "international.currency", "fields": {"symbol": "\u20b1", "code": "CUP", "name": "Pesos (Cuba)"}}, {"pk": 74, "model": "international.currency", "fields": {"symbol": "RD$", "code": "DOP", "name": "Pesos (Dominican Republic)"}}, {"pk": 75, "model": "international.currency", "fields": {"symbol": "$", "code": "MXN", "name": "Pesos (Mexico)"}}, {"pk": 76, "model": "international.currency", "fields": {"symbol": "Php", "code": "PHP", "name": "Pesos (Philippines)"}}, {"pk": 77, "model": "international.currency", "fields": {"symbol": "$U", "code": "UYU", "name": "Pesos (Uruguay)"}}, {"pk": 164, "model": "international.currency", "fields": {"symbol": "", "code": "SDG", "name": "Pound (Sudanese)"}}, {"pk": 78, "model": "international.currency", "fields": {"symbol": "\u00a3", "code": "EGP", "name": "Pounds (Egypt)"}}, {"pk": 79, "model": "international.currency", "fields": {"symbol": "\u00a3", "code": "FKP", "name": "Pounds (Falkland Islands)"}}, {"pk": 80, "model": "international.currency", "fields": {"symbol": "\u00a3", "code": "GIP", "name": "Pounds (Gibraltar)"}}, {"pk": 81, "model": "international.currency", "fields": {"symbol": "\u00a3", "code": "GGP", "name": "Pounds (Guernsey)"}}, {"pk": 82, "model": "international.currency", "fields": {"symbol": "\u00a3", "code": "IMP", "name": "Pounds (Isle of Man)"}}, {"pk": 83, "model": "international.currency", "fields": {"symbol": "\u00a3", "code": "JEP", "name": "Pounds (Jersey)"}}, {"pk": 84, "model": "international.currency", "fields": {"symbol": "\u00a3", "code": "LBP", "name": "Pounds (Lebanon)"}}, {"pk": 85, "model": "international.currency", "fields": {"symbol": "\u00a3", "code": "SHP", "name": "Pounds (Saint Helena)"}}, {"pk": 86, "model": "international.currency", "fields": {"symbol": "\u00a3", "code": "SYP", "name": "Pounds (Syria)"}}, {"pk": 87, "model": "international.currency", "fields": {"symbol": "\u00a3", "code": "GBP", "name": "Pounds (United Kingdom)"}}, {"pk": 88, "model": "international.currency", "fields": {"symbol": "P", "code": "BWP", "name": "Pulas"}}, {"pk": 89, "model": "international.currency", "fields": {"symbol": "Q", "code": "GTQ", "name": "Quetzales"}}, {"pk": 90, "model": "international.currency", "fields": {"symbol": "R", "code": "ZAR", "name": "Rand"}}, {"pk": 91, "model": "international.currency", "fields": {"symbol": "R$", "code": "BRL", "name": "Reais"}}, {"pk": 92, "model": "international.currency", "fields": {"symbol": "\ufdfc", "code": "IRR", "name": "Rials (Iran)"}}, {"pk": 93, "model": "international.currency", "fields": {"symbol": "\ufdfc", "code": "OMR", "name": "Rials (Oman)"}}, {"pk": 94, "model": "international.currency", "fields": {"symbol": "\ufdfc", "code": "QAR", "name": "Rials (Qatar)"}}, {"pk": 95, "model": "international.currency", "fields": {"symbol": "\ufdfc", "code": "YER", "name": "Rials (Yemen)"}}, {"pk": 96, "model": "international.currency", "fields": {"symbol": "\u17db", "code": "KHR", "name": "Riels"}}, {"pk": 97, "model": "international.currency", "fields": {"symbol": "RM", "code": "MYR", "name": "Ringgits"}}, {"pk": 98, "model": "international.currency", "fields": {"symbol": "\ufdfc", "code": "SAR", "name": "Riyals"}}, {"pk": 99, "model": "international.currency", "fields": {"symbol": "p.", "code": "BYR", "name": "Rubles (Belarus)"}}, {"pk": 100, "model": "international.currency", "fields": {"symbol": "\u0440\u0443\u0431", "code": "RUB", "name": "Rubles (Russia)"}}, {"pk": 148, "model": "international.currency", "fields": {"symbol": "Rf", "code": "MVR", "name": "Rufiyaa"}}, {"pk": 101, "model": "international.currency", "fields": {"symbol": "", "code": "INR", "name": "Rupees (India)"}}, {"pk": 102, "model": "international.currency", "fields": {"symbol": "\u20a8", "code": "MUR", "name": "Rupees (Mauritius)"}}, {"pk": 103, "model": "international.currency", "fields": {"symbol": "\u20a8", "code": "NPR", "name": "Rupees (Nepal)"}}, {"pk": 104, "model": "international.currency", "fields": {"symbol": "\u20a8", "code": "PKR", "name": "Rupees (Pakistan)"}}, {"pk": 105, "model": "international.currency", "fields": {"symbol": "\u20a8", "code": "SCR", "name": "Rupees (Seychelles)"}}, {"pk": 106, "model": "international.currency", "fields": {"symbol": "\u20a8", "code": "LKR", "name": "Rupees (Sri Lanka)"}}, {"pk": 107, "model": "international.currency", "fields": {"symbol": "Rp", "code": "IDR", "name": "Rupiahs"}}, {"pk": 142, "model": "international.currency", "fields": {"symbol": "KSh", "code": "KES", "name": "Shilling (Kenyan)"}}, {"pk": 167, "model": "international.currency", "fields": {"symbol": "", "code": "TZS", "name": "Shilling (Tanzanian)"}}, {"pk": 171, "model": "international.currency", "fields": {"symbol": "USh", "code": "UGX", "name": "Shilling (Uganda)"}}, {"pk": 108, "model": "international.currency", "fields": {"symbol": "S", "code": "SOS", "name": "Shillings"}}, {"pk": 166, "model": "international.currency", "fields": {"symbol": "", "code": "TJS", "name": "Somoni"}}, {"pk": 109, "model": "international.currency", "fields": {"symbol": "\u043b\u0432", "code": "KGS", "name": "Soms"}}, {"pk": 110, "model": "international.currency", "fields": {"symbol": "\u043b\u0432", "code": "UZS", "name": "Sums"}}, {"pk": 155, "model": "international.currency", "fields": {"symbol": "WS$", "code": "WST", "name": "T\u0101l\u0101"}}, {"pk": 111, "model": "international.currency", "fields": {"symbol": "\u043b\u0432", "code": "KZT", "name": "Tenge"}}, {"pk": 112, "model": "international.currency", "fields": {"symbol": "\u20ae", "code": "MNT", "name": "Tugriks"}}, {"pk": 173, "model": "international.currency", "fields": {"symbol": "VT", "code": "VUV", "name": "Vatu"}}, {"pk": 175, "model": "international.currency", "fields": {"symbol": "F", "code": "XOF", "name": "West African CFA"}}, {"pk": 113, "model": "international.currency", "fields": {"symbol": "\u20a9", "code": "KPW", "name": "Won (North Korea)"}}, {"pk": 114, "model": "international.currency", "fields": {"symbol": "\u20a9", "code": "KRW", "name": "Won (South Korea)"}}, {"pk": 115, "model": "international.currency", "fields": {"symbol": "\u00a5", "code": "JPY", "name": "Yen"}}, {"pk": 116, "model": "international.currency", "fields": {"symbol": "\u00a5", "code": "CNY", "name": "Yuan Renminbi"}}, {"pk": 117, "model": "international.currency", "fields": {"symbol": "Z$", "code": "ZWD", "name": "Zimbabwe Dollars"}}, {"pk": 118, "model": "international.currency", "fields": {"symbol": "z\u0142", "code": "PLN", "name": "Zlotych"}}, {"pk": 39, "model": "international.country", "fields": {"currency": 7, "code": "AF", "name": "Afghanistan"}}, {"pk": 40, "model": "international.country", "fields": {"currency": 42, "code": "AX", "name": "Aland Islands"}}, {"pk": 41, "model": "international.country", "fields": {"currency": 57, "code": "AL", "name": "Albania"}}, {"pk": 42, "model": "international.country", "fields": {"currency": 119, "code": "DZ", "name": "Algeria"}}, {"pk": 43, "model": "international.country", "fields": {"currency": 40, "code": "AS", "name": "American Samoa"}}, {"pk": 44, "model": "international.country", "fields": {"currency": 42, "code": "AD", "name": "Andorra"}}, {"pk": 45, "model": "international.country", "fields": {"currency": 120, "code": "AO", "name": "Angola"}}, {"pk": 46, "model": "international.country", "fields": {"currency": 27, "code": "AI", "name": "Anguilla"}}, {"pk": 47, "model": "international.country", "fields": {"currency": 27, "code": "AG", "name": "Antigua and Barbuda"}}, {"pk": 48, "model": "international.country", "fields": {"currency": 70, "code": "AR", "name": "Argentina"}}, {"pk": 49, "model": "international.country", "fields": {"currency": 121, "code": "AM", "name": "Armenia"}}, {"pk": 50, "model": "international.country", "fields": {"currency": 46, "code": "AW", "name": "Aruba"}}, {"pk": 51, "model": "international.country", "fields": {"currency": 19, "code": "AU", "name": "Australia"}}, {"pk": 52, "model": "international.country", "fields": {"currency": 42, "code": "AT", "name": "Austria"}}, {"pk": 53, "model": "international.country", "fields": {"currency": 67, "code": "AZ", "name": "Azerbaijan"}}, {"pk": 54, "model": "international.country", "fields": {"currency": 20, "code": "BS", "name": "Bahamas"}}, {"pk": 55, "model": "international.country", "fields": {"currency": 122, "code": "BH", "name": "Bahrain"}}, {"pk": 56, "model": "international.country", "fields": {"currency": 119, "code": "BD", "name": "Bangladesh"}}, {"pk": 57, "model": "international.country", "fields": {"currency": 21, "code": "BB", "name": "Barbados"}}, {"pk": 58, "model": "international.country", "fields": {"currency": 99, "code": "BY", "name": "Belarus"}}, {"pk": 59, "model": "international.country", "fields": {"currency": 42, "code": "BE", "name": "Belgium"}}, {"pk": 60, "model": "international.country", "fields": {"currency": 22, "code": "BZ", "name": "Belize"}}, {"pk": 61, "model": "international.country", "fields": {"currency": 175, "code": "BJ", "name": "Benin"}}, {"pk": 62, "model": "international.country", "fields": {"currency": 23, "code": "BM", "name": "Bermuda"}}, {"pk": 63, "model": "international.country", "fields": {"currency": 124, "code": "BT", "name": "Bhutan"}}, {"pk": 64, "model": "international.country", "fields": {"currency": 11, "code": "BO", "name": "Bolivia, Plurinational State of"}}, {"pk": 65, "model": "international.country", "fields": {"currency": 40, "code": "BQ", "name": "Bonaire, Saint Eustatius and Saba"}}, {"pk": 66, "model": "international.country", "fields": {"currency": 15, "code": "BA", "name": "Bosnia and Herzegovina"}}, {"pk": 67, "model": "international.country", "fields": {"currency": 88, "code": "BW", "name": "Botswana"}}, {"pk": 68, "model": "international.country", "fields": {"currency": 51, "code": "BV", "name": "Bouvet Island"}}, {"pk": 69, "model": "international.country", "fields": {"currency": 91, "code": "BR", "name": "Brazil"}}, {"pk": 70, "model": "international.country", "fields": {"currency": 87, "code": "IO", "name": "British Indian Ocean Territory"}}, {"pk": 71, "model": "international.country", "fields": {"currency": 24, "code": "BN", "name": "Brunei Darussalam"}}, {"pk": 72, "model": "international.country", "fields": {"currency": 59, "code": "BG", "name": "Bulgaria"}}, {"pk": 73, "model": "international.country", "fields": {"currency": 175, "code": "BF", "name": "Burkina Faso"}}, {"pk": 74, "model": "international.country", "fields": {"currency": 125, "code": "BI", "name": "Burundi"}}, {"pk": 75, "model": "international.country", "fields": {"currency": 96, "code": "KH", "name": "Cambodia"}}, {"pk": 76, "model": "international.country", "fields": {"currency": 123, "code": "CM", "name": "Cameroon"}}, {"pk": 77, "model": "international.country", "fields": {"currency": 25, "code": "CA", "name": "Canada"}}, {"pk": 78, "model": "international.country", "fields": {"currency": 126, "code": "CV", "name": "Cape Verde"}}, {"pk": 79, "model": "international.country", "fields": {"currency": 26, "code": "KY", "name": "Cayman Islands"}}, {"pk": 80, "model": "international.country", "fields": {"currency": 123, "code": "CF", "name": "Central African Republic"}}, {"pk": 81, "model": "international.country", "fields": {"currency": 127, "code": "TD", "name": "Chad"}}, {"pk": 82, "model": "international.country", "fields": {"currency": 71, "code": "CL", "name": "Chile"}}, {"pk": 83, "model": "international.country", "fields": {"currency": 116, "code": "CN", "name": "China"}}, {"pk": 84, "model": "international.country", "fields": {"currency": 19, "code": "CX", "name": "Christmas Island"}}, {"pk": 85, "model": "international.country", "fields": {"currency": 19, "code": "CC", "name": "Cocos (Keeling) Islands"}}, {"pk": 86, "model": "international.country", "fields": {"currency": 72, "code": "CO", "name": "Colombia"}}, {"pk": 87, "model": "international.country", "fields": {"currency": 128, "code": "KM", "name": "Comoros"}}, {"pk": 88, "model": "international.country", "fields": {"currency": 129, "code": "CG", "name": "Congo"}}, {"pk": 89, "model": "international.country", "fields": {"currency": 129, "code": "CD", "name": "Congo, the Democratic Republic of the"}}, {"pk": 90, "model": "international.country", "fields": {"currency": 34, "code": "CK", "name": "Cook Islands"}}, {"pk": 91, "model": "international.country", "fields": {"currency": 13, "code": "CR", "name": "Costa Rica"}}, {"pk": 92, "model": "international.country", "fields": {"currency": 34, "code": "CI", "name": "Cote d'Ivoire"}}, {"pk": 93, "model": "international.country", "fields": {"currency": 55, "code": "HR", "name": "Croatia"}}, {"pk": 94, "model": "international.country", "fields": {"currency": 73, "code": "CU", "name": "Cuba"}}, {"pk": 95, "model": "international.country", "fields": {"currency": 47, "code": "CW", "name": "Curacao"}}, {"pk": 96, "model": "international.country", "fields": {"currency": 42, "code": "CY", "name": "Cyprus"}}, {"pk": 97, "model": "international.country", "fields": {"currency": 50, "code": "CZ", "name": "Czech Republic"}}, {"pk": 98, "model": "international.country", "fields": {"currency": 52, "code": "DK", "name": "Denmark"}}, {"pk": 99, "model": "international.country", "fields": {"currency": 130, "code": "DJ", "name": "Djibouti"}}, {"pk": 100, "model": "international.country", "fields": {"currency": 27, "code": "DM", "name": "Dominica"}}, {"pk": 101, "model": "international.country", "fields": {"currency": 74, "code": "DO", "name": "Dominican Republic"}}, {"pk": 102, "model": "international.country", "fields": {"currency": 40, "code": "EC", "name": "Ecuador"}}, {"pk": 103, "model": "international.country", "fields": {"currency": 78, "code": "EG", "name": "Egypt"}}, {"pk": 104, "model": "international.country", "fields": {"currency": 14, "code": "SV", "name": "El Salvador"}}, {"pk": 105, "model": "international.country", "fields": {"currency": 127, "code": "GQ", "name": "Equatorial Guinea"}}, {"pk": 106, "model": "international.country", "fields": {"currency": 131, "code": "ER", "name": "Eritrea"}}, {"pk": 107, "model": "international.country", "fields": {"currency": 42, "code": "EE", "name": "Estonia"}}, {"pk": 108, "model": "international.country", "fields": {"currency": 132, "code": "ET", "name": "Ethiopia"}}, {"pk": 109, "model": "international.country", "fields": {"currency": 79, "code": "FK", "name": "Falkland Islands (Malvinas)"}}, {"pk": 110, "model": "international.country", "fields": {"currency": 51, "code": "FO", "name": "Faroe Islands"}}, {"pk": 111, "model": "international.country", "fields": {"currency": 28, "code": "FJ", "name": "Fiji"}}, {"pk": 112, "model": "international.country", "fields": {"currency": 42, "code": "FI", "name": "Finland"}}, {"pk": 113, "model": "international.country", "fields": {"currency": 42, "code": "FR", "name": "France"}}, {"pk": 114, "model": "international.country", "fields": {"currency": 42, "code": "GF", "name": "French Guiana"}}, {"pk": 115, "model": "international.country", "fields": {"currency": 133, "code": "PF", "name": "French Polynesia"}}, {"pk": 116, "model": "international.country", "fields": {"currency": 42, "code": "TF", "name": "French Southern Territories"}}, {"pk": 117, "model": "international.country", "fields": {"currency": 127, "code": "GA", "name": "Gabon"}}, {"pk": 118, "model": "international.country", "fields": {"currency": 134, "code": "GM", "name": "Gambia"}}, {"pk": 119, "model": "international.country", "fields": {"currency": 135, "code": "GE", "name": "Georgia"}}, {"pk": 120, "model": "international.country", "fields": {"currency": 42, "code": "DE", "name": "Germany"}}, {"pk": 121, "model": "international.country", "fields": {"currency": 136, "code": "GH", "name": "Ghana"}}, {"pk": 122, "model": "international.country", "fields": {"currency": 80, "code": "GI", "name": "Gibraltar"}}, {"pk": 123, "model": "international.country", "fields": {"currency": 42, "code": "GR", "name": "Greece"}}, {"pk": 124, "model": "international.country", "fields": {"currency": 51, "code": "GL", "name": "Greenland"}}, {"pk": 125, "model": "international.country", "fields": {"currency": 27, "code": "GD", "name": "Grenada"}}, {"pk": 126, "model": "international.country", "fields": {"currency": 42, "code": "GP", "name": "Guadeloupe"}}, {"pk": 127, "model": "international.country", "fields": {"currency": 40, "code": "GU", "name": "Guam"}}, {"pk": 128, "model": "international.country", "fields": {"currency": 89, "code": "GT", "name": "Guatemala"}}, {"pk": 129, "model": "international.country", "fields": {"currency": 81, "code": "GG", "name": "Guernsey"}}, {"pk": 130, "model": "international.country", "fields": {"currency": 138, "code": "GN", "name": "Guinea"}}, {"pk": 131, "model": "international.country", "fields": {"currency": 123, "code": "GW", "name": "Guinea-bissau"}}, {"pk": 132, "model": "international.country", "fields": {"currency": 29, "code": "GY", "name": "Guyana"}}, {"pk": 133, "model": "international.country", "fields": {"currency": 139, "code": "HT", "name": "Haiti"}}, {"pk": 134, "model": "international.country", "fields": {"currency": 19, "code": "HM", "name": "Heard Island and McDonald Islands"}}, {"pk": 135, "model": "international.country", "fields": {"currency": 42, "code": "VA", "name": "Holy See (Vatican City State)"}}, {"pk": 136, "model": "international.country", "fields": {"currency": 58, "code": "HN", "name": "Honduras"}}, {"pk": 137, "model": "international.country", "fields": {"currency": 30, "code": "HK", "name": "Hong Kong"}}, {"pk": 138, "model": "international.country", "fields": {"currency": 43, "code": "HU", "name": "Hungary"}}, {"pk": 139, "model": "international.country", "fields": {"currency": 54, "code": "IS", "name": "Iceland"}}, {"pk": 140, "model": "international.country", "fields": {"currency": 101, "code": "IN", "name": "India"}}, {"pk": 141, "model": "international.country", "fields": {"currency": 107, "code": "ID", "name": "Indonesia"}}, {"pk": 142, "model": "international.country", "fields": {"currency": 92, "code": "IR", "name": "Iran, Islamic Republic of"}}, {"pk": 143, "model": "international.country", "fields": {"currency": 140, "code": "IQ", "name": "Iraq"}}, {"pk": 144, "model": "international.country", "fields": {"currency": 42, "code": "IE", "name": "Ireland"}}, {"pk": 145, "model": "international.country", "fields": {"currency": 82, "code": "IM", "name": "Isle of Man"}}, {"pk": 146, "model": "international.country", "fields": {"currency": 68, "code": "IL", "name": "Israel"}}, {"pk": 147, "model": "international.country", "fields": {"currency": 42, "code": "IT", "name": "Italy"}}, {"pk": 148, "model": "international.country", "fields": {"currency": 31, "code": "JM", "name": "Jamaica"}}, {"pk": 149, "model": "international.country", "fields": {"currency": 115, "code": "JP", "name": "Japan"}}, {"pk": 150, "model": "international.country", "fields": {"currency": 83, "code": "JE", "name": "Jersey"}}, {"pk": 151, "model": "international.country", "fields": {"currency": 141, "code": "JO", "name": "Jordan"}}, {"pk": 152, "model": "international.country", "fields": {"currency": 111, "code": "KZ", "name": "Kazakhstan"}}, {"pk": 153, "model": "international.country", "fields": {"currency": 142, "code": "KE", "name": "Kenya"}}, {"pk": 154, "model": "international.country", "fields": {"currency": 19, "code": "KI", "name": "Kiribati"}}, {"pk": 155, "model": "international.country", "fields": {"currency": 113, "code": "KP", "name": "Korea, Democratic People's Republic of"}}, {"pk": 156, "model": "international.country", "fields": {"currency": 114, "code": "KR", "name": "Korea, Republic of"}}, {"pk": 157, "model": "international.country", "fields": {"currency": 143, "code": "KW", "name": "Kuwait"}}, {"pk": 158, "model": "international.country", "fields": {"currency": 109, "code": "KG", "name": "Kyrgyzstan"}}, {"pk": 159, "model": "international.country", "fields": {"currency": 49, "code": "LA", "name": "Lao People's Democratic Republic"}}, {"pk": 160, "model": "international.country", "fields": {"currency": 56, "code": "LV", "name": "Latvia"}}, {"pk": 161, "model": "international.country", "fields": {"currency": 84, "code": "LB", "name": "Lebanon"}}, {"pk": 162, "model": "international.country", "fields": {"currency": 144, "code": "LS", "name": "Lesotho"}}, {"pk": 163, "model": "international.country", "fields": {"currency": 32, "code": "LR", "name": "Liberia"}}, {"pk": 164, "model": "international.country", "fields": {"currency": 145, "code": "LY", "name": "Libyan Arab Jamahiriya"}}, {"pk": 165, "model": "international.country", "fields": {"currency": 44, "code": "LI", "name": "Liechtenstein"}}, {"pk": 166, "model": "international.country", "fields": {"currency": 62, "code": "LT", "name": "Lithuania"}}, {"pk": 167, "model": "international.country", "fields": {"currency": 42, "code": "LU", "name": "Luxembourg"}}, {"pk": 168, "model": "international.country", "fields": {"currency": 146, "code": "MO", "name": "Macau"}}, {"pk": 169, "model": "international.country", "fields": {"currency": 17, "code": "MK", "name": "Macedonia, the Former Yugoslav Republic of"}}, {"pk": 170, "model": "international.country", "fields": {"currency": 147, "code": "MG", "name": "Madagascar"}}, {"pk": 171, "model": "international.country", "fields": {"currency": 112, "code": "MW", "name": "Malawi"}}, {"pk": 172, "model": "international.country", "fields": {"currency": 97, "code": "MY", "name": "Malaysia"}}, {"pk": 173, "model": "international.country", "fields": {"currency": 148, "code": "MV", "name": "Maldives"}}, {"pk": 174, "model": "international.country", "fields": {"currency": 175, "code": "ML", "name": "Mali"}}, {"pk": 175, "model": "international.country", "fields": {"currency": 42, "code": "MT", "name": "Malta"}}, {"pk": 176, "model": "international.country", "fields": {"currency": 40, "code": "MH", "name": "Marshall Islands"}}, {"pk": 177, "model": "international.country", "fields": {"currency": 42, "code": "MQ", "name": "Martinique"}}, {"pk": 178, "model": "international.country", "fields": {"currency": 149, "code": "MR", "name": "Mauritania"}}, {"pk": 179, "model": "international.country", "fields": {"currency": 102, "code": "MU", "name": "Mauritius"}}, {"pk": 180, "model": "international.country", "fields": {"currency": 42, "code": "YT", "name": "Mayotte"}}, {"pk": 181, "model": "international.country", "fields": {"currency": 75, "code": "MX", "name": "Mexico"}}, {"pk": 182, "model": "international.country", "fields": {"currency": 40, "code": "FM", "name": "Micronesia, Federated States of"}}, {"pk": 183, "model": "international.country", "fields": {"currency": 150, "code": "MD", "name": "Moldova, Republic of"}}, {"pk": 184, "model": "international.country", "fields": {"currency": 42, "code": "MC", "name": "Monaco"}}, {"pk": 185, "model": "international.country", "fields": {"currency": 112, "code": "MN", "name": "Mongolia"}}, {"pk": 186, "model": "international.country", "fields": {"currency": 42, "code": "ME", "name": "Montenegro"}}, {"pk": 187, "model": "international.country", "fields": {"currency": 27, "code": "MS", "name": "Montserrat"}}, {"pk": 188, "model": "international.country", "fields": {"currency": 151, "code": "MA", "name": "Morocco"}}, {"pk": 189, "model": "international.country", "fields": {"currency": 63, "code": "MZ", "name": "Mozambique"}}, {"pk": 190, "model": "international.country", "fields": {"currency": 152, "code": "MM", "name": "Myanmar"}}, {"pk": 191, "model": "international.country", "fields": {"currency": 33, "code": "NA", "name": "Namibia"}}, {"pk": 192, "model": "international.country", "fields": {"currency": 19, "code": "NR", "name": "Nauru"}}, {"pk": 193, "model": "international.country", "fields": {"currency": 103, "code": "NP", "name": "Nepal"}}, {"pk": 194, "model": "international.country", "fields": {"currency": 42, "code": "NL", "name": "Netherlands"}}, {"pk": 196, "model": "international.country", "fields": {"currency": 133, "code": "NC", "name": "New Caledonia"}}, {"pk": 197, "model": "international.country", "fields": {"currency": 34, "code": "NZ", "name": "New Zealand"}}, {"pk": 198, "model": "international.country", "fields": {"currency": 16, "code": "NI", "name": "Nicaragua"}}, {"pk": 199, "model": "international.country", "fields": {"currency": 123, "code": "NE", "name": "Niger"}}, {"pk": 200, "model": "international.country", "fields": {"currency": 64, "code": "NG", "name": "Nigeria"}}, {"pk": 201, "model": "international.country", "fields": {"currency": 34, "code": "NU", "name": "Niue"}}, {"pk": 202, "model": "international.country", "fields": {"currency": 19, "code": "NF", "name": "Norfolk Island"}}, {"pk": 203, "model": "international.country", "fields": {"currency": 40, "code": "MP", "name": "Northern Mariana Islands"}}, {"pk": 204, "model": "international.country", "fields": {"currency": 51, "code": "NO", "name": "Norway"}}, {"pk": 205, "model": "international.country", "fields": {"currency": 93, "code": "OM", "name": "Oman"}}, {"pk": 206, "model": "international.country", "fields": {"currency": 104, "code": "PK", "name": "Pakistan"}}, {"pk": 207, "model": "international.country", "fields": {"currency": 40, "code": "PW", "name": "Palau"}}, {"pk": 208, "model": "international.country", "fields": {"currency": 68, "code": "PS", "name": "Palestinian Territory, Occupied"}}, {"pk": 209, "model": "international.country", "fields": {"currency": 9, "code": "PA", "name": "Panama"}}, {"pk": 210, "model": "international.country", "fields": {"currency": 153, "code": "PG", "name": "Papua New Guinea"}}, {"pk": 211, "model": "international.country", "fields": {"currency": 45, "code": "PY", "name": "Paraguay"}}, {"pk": 212, "model": "international.country", "fields": {"currency": 69, "code": "PE", "name": "Peru"}}, {"pk": 213, "model": "international.country", "fields": {"currency": 76, "code": "PH", "name": "Philippines"}}, {"pk": 214, "model": "international.country", "fields": {"currency": 34, "code": "PN", "name": "Pitcairn"}}, {"pk": 215, "model": "international.country", "fields": {"currency": 118, "code": "PL", "name": "Poland"}}, {"pk": 216, "model": "international.country", "fields": {"currency": 42, "code": "PT", "name": "Portugal"}}, {"pk": 217, "model": "international.country", "fields": {"currency": 40, "code": "PR", "name": "Puerto Rico"}}, {"pk": 218, "model": "international.country", "fields": {"currency": 94, "code": "QA", "name": "Qatar"}}, {"pk": 219, "model": "international.country", "fields": {"currency": 42, "code": "RE", "name": "Reunion"}}, {"pk": 220, "model": "international.country", "fields": {"currency": 66, "code": "RO", "name": "Romania"}}, {"pk": 221, "model": "international.country", "fields": {"currency": 100, "code": "RU", "name": "Russian Federation"}}, {"pk": 222, "model": "international.country", "fields": {"currency": 154, "code": "RW", "name": "Rwanda"}}, {"pk": 223, "model": "international.country", "fields": {"currency": 42, "code": "BL", "name": "Saint Barthelemy"}}, {"pk": 224, "model": "international.country", "fields": {"currency": 85, "code": "SH", "name": "Saint Helena, Ascension and Tristan da Cunha"}}, {"pk": 225, "model": "international.country", "fields": {"currency": 27, "code": "KN", "name": "Saint Kitts and Nevis"}}, {"pk": 226, "model": "international.country", "fields": {"currency": 27, "code": "LC", "name": "Saint Lucia"}}, {"pk": 227, "model": "international.country", "fields": {"currency": 42, "code": "MF", "name": "Saint Martin (French part)"}}, {"pk": 228, "model": "international.country", "fields": {"currency": 42, "code": "PM", "name": "Saint Pierre and Miquelon"}}, {"pk": 229, "model": "international.country", "fields": {"currency": 27, "code": "VC", "name": "Saint Vincent and the Grenadines"}}, {"pk": 230, "model": "international.country", "fields": {"currency": 155, "code": "WS", "name": "Samoa"}}, {"pk": 231, "model": "international.country", "fields": {"currency": 42, "code": "SM", "name": "San Marino"}}, {"pk": 232, "model": "international.country", "fields": {"currency": 156, "code": "ST", "name": "Sao Tome and Principe"}}, {"pk": 233, "model": "international.country", "fields": {"currency": 98, "code": "SA", "name": "Saudi Arabia"}}, {"pk": 234, "model": "international.country", "fields": {"currency": 175, "code": "SN", "name": "Senegal"}}, {"pk": 235, "model": "international.country", "fields": {"currency": 18, "code": "RS", "name": "Serbia"}}, {"pk": 236, "model": "international.country", "fields": {"currency": 105, "code": "SC", "name": "Seychelles"}}, {"pk": 237, "model": "international.country", "fields": {"currency": 163, "code": "SL", "name": "Sierra Leone"}}, {"pk": 238, "model": "international.country", "fields": {"currency": 35, "code": "SG", "name": "Singapore"}}, {"pk": 239, "model": "international.country", "fields": {"currency": 47, "code": "SX", "name": "Sint Maarten (Dutch part)"}}, {"pk": 240, "model": "international.country", "fields": {"currency": 42, "code": "SK", "name": "Slovakia"}}, {"pk": 241, "model": "international.country", "fields": {"currency": 42, "code": "SI", "name": "Slovenia"}}, {"pk": 242, "model": "international.country", "fields": {"currency": 36, "code": "SB", "name": "Solomon Islands"}}, {"pk": 243, "model": "international.country", "fields": {"currency": 108, "code": "SO", "name": "Somalia"}}, {"pk": 244, "model": "international.country", "fields": {"currency": 90, "code": "ZA", "name": "South Africa"}}, {"pk": 245, "model": "international.country", "fields": {"currency": 87, "code": "GS", "name": "South Georgia and the South Sandwich Islands"}}, {"pk": 246, "model": "international.country", "fields": {"currency": 42, "code": "ES", "name": "Spain"}}, {"pk": 247, "model": "international.country", "fields": {"currency": 106, "code": "LK", "name": "Sri Lanka"}}, {"pk": 248, "model": "international.country", "fields": {"currency": 164, "code": "SD", "name": "Sudan"}}, {"pk": 249, "model": "international.country", "fields": {"currency": 37, "code": "SR", "name": "Suriname"}}, {"pk": 250, "model": "international.country", "fields": {"currency": 51, "code": "SJ", "name": "Svalbard and Jan Mayen"}}, {"pk": 251, "model": "international.country", "fields": {"currency": 165, "code": "SZ", "name": "Swaziland"}}, {"pk": 252, "model": "international.country", "fields": {"currency": 53, "code": "SE", "name": "Sweden"}}, {"pk": 253, "model": "international.country", "fields": {"currency": 44, "code": "CH", "name": "Switzerland"}}, {"pk": 254, "model": "international.country", "fields": {"currency": 86, "code": "SY", "name": "Syrian Arab Republic"}}, {"pk": 255, "model": "international.country", "fields": {"currency": 65, "code": "TW", "name": "Taiwan, Province of China"}}, {"pk": 256, "model": "international.country", "fields": {"currency": 166, "code": "TJ", "name": "Tajikistan"}}, {"pk": 257, "model": "international.country", "fields": {"currency": 167, "code": "TZ", "name": "Tanzania, United Republic of"}}, {"pk": 258, "model": "international.country", "fields": {"currency": 8, "code": "TH", "name": "Thailand"}}, {"pk": 259, "model": "international.country", "fields": {"currency": 40, "code": "TL", "name": "Timor-Leste"}}, {"pk": 260, "model": "international.country", "fields": {"currency": 175, "code": "TG", "name": "Togo"}}, {"pk": 261, "model": "international.country", "fields": {"currency": 34, "code": "TK", "name": "Tokelau"}}, {"pk": 262, "model": "international.country", "fields": {"currency": 168, "code": "TO", "name": "Tonga"}}, {"pk": 263, "model": "international.country", "fields": {"currency": 38, "code": "TT", "name": "Trinidad and Tobago"}}, {"pk": 264, "model": "international.country", "fields": {"currency": 169, "code": "TN", "name": "Tunisia"}}, {"pk": 265, "model": "international.country", "fields": {"currency": 60, "code": "TR", "name": "Turkey"}}, {"pk": 266, "model": "international.country", "fields": {"currency": 170, "code": "TM", "name": "Turkmenistan"}}, {"pk": 267, "model": "international.country", "fields": {"currency": 40, "code": "TC", "name": "Turks and Caicos Islands"}}, {"pk": 268, "model": "international.country", "fields": {"currency": 39, "code": "TV", "name": "Tuvalu"}}, {"pk": 269, "model": "international.country", "fields": {"currency": 171, "code": "UG", "name": "Uganda"}}, {"pk": 270, "model": "international.country", "fields": {"currency": 48, "code": "UA", "name": "Ukraine"}}, {"pk": 271, "model": "international.country", "fields": {"currency": 172, "code": "AE", "name": "United Arab Emirates"}}, {"pk": 272, "model": "international.country", "fields": {"currency": 87, "code": "GB", "name": "United Kingdom"}}, {"pk": 273, "model": "international.country", "fields": {"currency": 40, "code": "US", "name": "United States"}}, {"pk": 274, "model": "international.country", "fields": {"currency": 40, "code": "UM", "name": "United States Minor Outlying Islands"}}, {"pk": 275, "model": "international.country", "fields": {"currency": 77, "code": "UY", "name": "Uruguay"}}, {"pk": 276, "model": "international.country", "fields": {"currency": 110, "code": "UZ", "name": "Uzbekistan"}}, {"pk": 277, "model": "international.country", "fields": {"currency": 173, "code": "VU", "name": "Vanuatu"}}, {"pk": 278, "model": "international.country", "fields": {"currency": 10, "code": "VE", "name": "Venezuela, Bolivarian Republic of"}}, {"pk": 279, "model": "international.country", "fields": {"currency": 41, "code": "VN", "name": "Vietnam"}}, {"pk": 280, "model": "international.country", "fields": {"currency": 40, "code": "VG", "name": "Virgin Islands, British"}}, {"pk": 281, "model": "international.country", "fields": {"currency": 40, "code": "VI", "name": "Virgin Islands, US"}}, {"pk": 282, "model": "international.country", "fields": {"currency": 133, "code": "WF", "name": "Wallis and Futuna"}}, {"pk": 283, "model": "international.country", "fields": {"currency": 151, "code": "EH", "name": "Western Sahara"}}, {"pk": 284, "model": "international.country", "fields": {"currency": 95, "code": "YE", "name": "Yemen"}}, {"pk": 285, "model": "international.country", "fields": {"currency": 174, "code": "ZM", "name": "Zambia"}}, {"pk": 286, "model": "international.country", "fields": {"currency": 117, "code": "ZW", "name": "Zimbabwe"}}, {"pk": 1, "model": "international.timezone", "fields": {"offset_minutes": 0, "code": "MIT", "name": "Midway Islands Time", "offset_hours": -11}}, {"pk": 2, "model": "international.timezone", "fields": {"offset_minutes": 0, "code": "HST", "name": "Hawaii Standard Time", "offset_hours": -10}}, {"pk": 3, "model": "international.timezone", "fields": {"offset_minutes": 0, "code": "AST", "name": "Alaska Standard Time", "offset_hours": -9}}, {"pk": 4, "model": "international.timezone", "fields": {"offset_minutes": 0, "code": "PST", "name": "Pacific Standard Time", "offset_hours": -8}}, {"pk": 5, "model": "international.timezone", "fields": {"offset_minutes": 0, "code": "PNT", "name": "Phoenix Standard Time", "offset_hours": -7}}, {"pk": 6, "model": "international.timezone", "fields": {"offset_minutes": 0, "code": "MST", "name": "Mountain Standard Time", "offset_hours": -7}}, {"pk": 7, "model": "international.timezone", "fields": {"offset_minutes": 0, "code": "CST", "name": "Central Standard Time", "offset_hours": -6}}, {"pk": 9, "model": "international.timezone", "fields": {"offset_minutes": 0, "code": "IET", "name": "Indiana Eastern Standard Time", "offset_hours": -5}}, {"pk": 8, "model": "international.timezone", "fields": {"offset_minutes": 0, "code": "EST", "name": "Eastern Standard Time", "offset_hours": -5}}, {"pk": 10, "model": "international.timezone", "fields": {"offset_minutes": 0, "code": "PRT", "name": "Puerto Rico and US Virgin Islands Time", "offset_hours": -4}}, {"pk": 12, "model": "international.timezone", "fields": {"offset_minutes": 0, "code": "AGT", "name": "Argentina Standard Time", "offset_hours": -3}}, {"pk": 13, "model": "international.timezone", "fields": {"offset_minutes": 0, "code": "BET", "name": "Brazil Eastern Time", "offset_hours": -3}}, {"pk": 11, "model": "international.timezone", "fields": {"offset_minutes": 30, "code": "CNT", "name": "Canada Newfoundland Time", "offset_hours": -3}}, {"pk": 14, "model": "international.timezone", "fields": {"offset_minutes": 0, "code": "CAT", "name": "Central African Time", "offset_hours": -1}}, {"pk": 15, "model": "international.timezone", "fields": {"offset_minutes": 0, "code": "GMT", "name": "Greenwich Mean Time", "offset_hours": 0}}, {"pk": 16, "model": "international.timezone", "fields": {"offset_minutes": 0, "code": "ECT", "name": "European Central Time", "offset_hours": 1}}, {"pk": 17, "model": "international.timezone", "fields": {"offset_minutes": 0, "code": "EET", "name": "Eastern European Time", "offset_hours": 2}}, {"pk": 18, "model": "international.timezone", "fields": {"offset_minutes": 0, "code": "ART", "name": "(Arabic) Egypt Standard Time", "offset_hours": 2}}, {"pk": 19, "model": "international.timezone", "fields": {"offset_minutes": 0, "code": "EAT", "name": "Eastern African Time", "offset_hours": 3}}, {"pk": 20, "model": "international.timezone", "fields": {"offset_minutes": 30, "code": "MET", "name": "Middle East Time", "offset_hours": 3}}, {"pk": 21, "model": "international.timezone", "fields": {"offset_minutes": 0, "code": "NET", "name": "Near East Time", "offset_hours": 4}}, {"pk": 22, "model": "international.timezone", "fields": {"offset_minutes": 0, "code": "PLT", "name": "Pakistan Lahore Time", "offset_hours": 5}}, {"pk": 23, "model": "international.timezone", "fields": {"offset_minutes": 30, "code": "IST", "name": "India Standard Time", "offset_hours": 5}}, {"pk": 24, "model": "international.timezone", "fields": {"offset_minutes": 0, "code": "BST", "name": "Bangladesh Standard Time", "offset_hours": 6}}, {"pk": 25, "model": "international.timezone", "fields": {"offset_minutes": 0, "code": "VST", "name": "Vietnam Standard Time", "offset_hours": 7}}, {"pk": 26, "model": "international.timezone", "fields": {"offset_minutes": 0, "code": "CTT", "name": "China Taiwan Time", "offset_hours": 8}}, {"pk": 27, "model": "international.timezone", "fields": {"offset_minutes": 0, "code": "JST", "name": "Japan Standard Time", "offset_hours": 9}}, {"pk": 28, "model": "international.timezone", "fields": {"offset_minutes": 30, "code": "ACT", "name": "Australia Central Time", "offset_hours": 9}}, {"pk": 29, "model": "international.timezone", "fields": {"offset_minutes": 0, "code": "AET", "name": "Australia Eastern Time", "offset_hours": 10}}, {"pk": 30, "model": "international.timezone", "fields": {"offset_minutes": 0, "code": "SST", "name": "Solomon Standard Time", "offset_hours": 11}}, {"pk": 31, "model": "international.timezone", "fields": {"offset_minutes": 0, "code": "NST", "name": "New Zealand Standard Time", "offset_hours": 12}}]